test_id,principal,context,target,expected,observed,status,operator,reviewer,evidence_path
S01,ingestor,minikube/bd-g01,PUT research-raw/auth-probe.txt,Allow,200/None,PASS,24022466,24022484,evidence\run-20261002T162540Z\S01.stdout; evidence\run-20261002T162540Z\S01.stderr
S02,ingestor,minikube/bd-g01,GET research-raw/fixture.txt,Allow,200/None,PASS,24022466,24022484,evidence\run-20261002T162540Z\S02.stdout; evidence\run-20261002T162540Z\S02.stderr
S03,ingestor,minikube/bd-g01,LIST research-raw/,Allow,200/None,PASS,24022466,24022484,evidence\run-20261002T162540Z\S03.stdout; evidence\run-20261002T162540Z\S03.stderr
S04,ingestor,minikube/bd-g01,PUT research-release/auth-probe.txt,Deny,403/AccessDenied,PASS,24022466,24022484,evidence\run-20261002T162540Z\S04.stdout; evidence\run-20261002T162540Z\S04.stderr
S05,ingestor,minikube/bd-g01,GET research-release/fixture.txt,Deny,403/AccessDenied,PASS,24022466,24022484,evidence\run-20261002T162540Z\S05.stdout; evidence\run-20261002T162540Z\S05.stderr
S06,analyst,minikube/bd-g01,GET research-release/fixture.txt,Allow,200/None,PASS,24022466,24022484,evidence\run-20261002T162540Z\S06.stdout; evidence\run-20261002T162540Z\S06.stderr
S07,analyst,minikube/bd-g01,LIST research-release/,Allow,200/None,PASS,24022466,24022484,evidence\run-20261002T162540Z\S07.stdout; evidence\run-20261002T162540Z\S07.stderr
S08,analyst,minikube/bd-g01,PUT research-release/auth-probe.txt,Deny,403/AccessDenied,PASS,24022466,24022484,evidence\run-20261002T162540Z\S08.stdout; evidence\run-20261002T162540Z\S08.stderr
S09,analyst,minikube/bd-g01,DELETE research-release/delete-probe.txt,Deny,403/AccessDenied,PASS,24022466,24022484,evidence\run-20261002T162540Z\S09.stdout; evidence\run-20261002T162540Z\S09.stderr
S10,analyst,minikube/bd-g01,GET research-raw/fixture.txt,Deny,403/AccessDenied,PASS,24022466,24022484,evidence\run-20261002T162540Z\S10.stdout; evidence\run-20261002T162540Z\S10.stderr
S11,analyst,minikube/bd-g01,LIST research-raw/,Deny,403/AccessDenied,PASS,24022466,24022484,evidence\run-20261002T162540Z\S11.stdout; evidence\run-20261002T162540Z\S11.stderr
S12,anonymous,minikube/bd-g01,GET research-release/fixture.txt,Deny,403/AccessDenied,PASS,24022466,24022484,evidence\run-20261002T162540Z\S12.stdout; evidence\run-20261002T162540Z\S12.stderr
K01,system:serviceaccount:bd-g01:observer,minikube/bd-g01,list pods,Allow,success,PASS,24022466,24022306,evidence\run-20261002T162540Z\K01.stdout; evidence\run-20261002T162540Z\K01.stderr
K02,system:serviceaccount:bd-g01:observer,minikube/bd-g01,get events,Allow,success,PASS,24022466,24022306,evidence\run-20261002T162540Z\K02.stdout; evidence\run-20261002T162540Z\K02.stderr
K03,system:serviceaccount:bd-g01:observer,minikube/bd-g01,logs storage Pod,Allow,success,PASS,24022466,24022306,evidence\run-20261002T162540Z\K03.stdout; evidence\run-20261002T162540Z\K03.stderr
K04,system:serviceaccount:bd-g01:observer,minikube/bd-g01,get secret s3-config,Deny,"Error from server (Forbidden): secrets ""s3-config"" is forbidden: User ""system:serviceaccount:bd-g01:observer"" cannot get resource ""secrets"" in API group """" in the namespace ""bd-g01""",PASS,24022466,24022306,evidence\run-20261002T162540Z\K04.stdout; evidence\run-20261002T162540Z\K04.stderr
K05,system:serviceaccount:bd-g01:observer,minikube/bd-g01,create Pod (server dry-run),Deny,"Error from server (Forbidden): error when creating ""C:\\Users\\letoan\\Documents\\GitHub\\BigdataWeek1\\evidence\\run-20261002T162540Z\\positive.yaml"": pods is forbidden: User ""system:serviceaccount:bd-g01:observer"" cannot create resource ""pods"" in API group """" in the namespace ""bd-g01""",PASS,24022466,24022306,evidence\run-20261002T162540Z\K05.stdout; evidence\run-20261002T162540Z\K05.stderr
K06,system:serviceaccount:bd-g01:observer,minikube/bd-g01,delete storage Pod (server dry-run),Deny,"Error from server (Forbidden): pods ""objects-74bd94c8cb-gvntk"" is forbidden: User ""system:serviceaccount:bd-g01:observer"" cannot delete resource ""pods"" in API group """" in the namespace ""bd-g01""",PASS,24022466,24022306,evidence\run-20261002T162540Z\K06.stdout; evidence\run-20261002T162540Z\K06.stderr
N01,owner,minikube/bd-g01,objects.bd-g01.svc.cluster.local:8333,Connect,"{'host': 'objects', 'port': 8333, 'tcp_connected': True, 'utc': '2026-10-02T16:27:00.296318+00:00'}",PASS,24022466,24022484,evidence\run-20261002T162540Z\N01.stdout; evidence\run-20261002T162540Z\N01.stderr
N02,blocked,minikube/bd-g01,objects.bd-g01.svc.cluster.local:8333,Blocked,"{'error': 'TimeoutError', 'host': 'objects', 'port': 8333, 'seconds': 3.0049842449998323, 'tcp_connected': False, 'utc': '2026-10-02T16:27:03.787632+00:00'}",PASS,24022466,24022484,evidence\run-20261002T162540Z\N02.stdout; evidence\run-20261002T162540Z\N02.stderr
N03,owner,minikube/bd-g01,storage Pod IP:8888,Blocked,"{'error': 'TimeoutError', 'host': '10.244.120.82', 'port': 8888, 'seconds': 3.004187138000816, 'tcp_connected': False, 'utc': '2026-10-02T16:27:07.177925+00:00'}",PASS,24022466,24022484,evidence\run-20261002T162540Z\N03.stdout; evidence\run-20261002T162540Z\N03.stderr
N04,task3-outsider/outsider,minikube/bd-g01,objects.bd-g01.svc.cluster.local:8333,Blocked,Local outsider blocked; exact-target routing control succeeded. Instructor designation not confirmed.,PENDING-INSTRUCTOR,24022466,instructor,evidence/task3/N04.stdout; evidence/task3/N04-routing-control.stdout
