run,phase,concurrency,objects,successes,hash_failures,wall_s,MiB_s,p95_ms
bench/r1-c1,put,1,32,32,0,3.0335,42.20,109.34
bench/r1-c1,get,1,32,32,0,0.6212,206.04,23.81
bench/r1-c4,put,4,32,32,0,3.0888,41.44,686.02
bench/r1-c4,get,4,32,32,0,0.6932,184.65,97.78
bench/r2-c4,put,4,32,32,0,2.6483,48.33,621.15
bench/r2-c4,get,4,32,32,0,0.6883,185.98,102.36
bench/r2-c1,put,1,32,32,0,2.9542,43.33,110.97
bench/r2-c1,get,1,32,32,0,0.6123,209.06,35.14
bench/r3-c1,put,1,32,32,0,2.7821,46.01,141.27
bench/r3-c1,get,1,32,32,0,0.8239,155.36,31.28
bench/r3-c4,put,4,32,32,0,3.4148,37.48,725.42
bench/r3-c4,get,4,32,32,0,0.7893,162.17,164.43
