record_id,reference_c
R000801,18.1
R000802,18.2
R000803,18.3
R000804,18.4
R000805,18.5
R000806,18.6
R000807,18.7
R000808,18.8
R000809,18.9
R000810,19.0
R000811,19.1
R000812,19.2
R000813,19.3
R000814,19.4
R000815,19.5
R000816,19.6
R000817,19.7
R000818,19.8
R000819,19.9
R000820,20.0
R000821,20.1
R000822,20.2
R000823,20.3
R000824,20.4
R000825,20.5
R000826,20.6
R000827,20.7
R000828,20.8
R000829,20.9
R000830,21.0
R000831,21.1
R000832,21.2
R000833,21.3
R000834,21.4
R000835,21.5
R000836,21.6
R000837,21.7
R000838,21.8
R000839,21.9
R000840,22.0
R000841,22.1
R000842,22.2
R000843,22.3
R000844,22.4
R000845,22.5
R000846,22.6
R000847,22.7
R000848,22.8
R000849,22.9
R000850,23.0
R000851,23.1
R000852,23.2
R000853,23.3
R000854,23.4
R000855,23.5
R000856,23.6
R000857,23.7
R000858,23.8
R000859,23.9
R000860,24.0
R000861,24.1
R000862,24.2
R000863,24.3
R000864,24.4
R000865,24.5
R000866,24.6
R000867,24.7
R000868,24.8
R000869,24.9
R000870,25.0
R000871,25.1
R000872,25.2
R000873,25.3
R000874,25.4
R000875,25.5
R000876,25.6
R000877,25.7
R000878,25.8
R000879,25.9
R000880,26.0
R000881,26.1
R000882,26.2
R000883,26.3
R000884,26.4
R000885,26.5
R000886,26.6
R000887,26.7
R000888,26.8
R000889,26.9
R000890,27.0
R000891,27.1
R000892,27.2
R000893,27.3
R000894,27.4
R000895,27.5
R000896,27.6
R000897,27.7
R000898,27.8
R000899,27.9
R000900,18.0
